{
  "project_info": {
    "project_number": "480280842601",
    "project_id": "navtripsoc",
    "storage_bucket": "navtripsoc.firebasestorage.app"
  },
  "client": [
    {
      "client_info": {
        "mobilesdk_app_id": "1:480280842601:android:4eba90c644e0d83c64adf8",
        "android_client_info": {
          "package_name": "com.solapp.navtrip"
        }
      },
      "oauth_client": [
        {
          "client_id": "480280842601-1dunt3791jt6jo4lsmfisk2qcgv03eb7.apps.googleusercontent.com",
          "client_type": 1,
          "android_info": {
            "package_name": "com.solapp.navtrip",
            "certificate_hash": "90ade733cd736cd5801406c2e1d1d1230d3b249d"
          }
        },
        {
          "client_id": "480280842601-5d4f70dc0r92h5ck7hma0jk5m0dkdpeu.apps.googleusercontent.com",
          "client_type": 3
        }
      ],
      "api_key": [
        {
          "current_key": "AIzaSyA4Utkt0yTdKavg4-QwMFCMO6_ORZtsx5w"
        }
      ],
      "services": {
        "appinvite_service": {
          "other_platform_oauth_client": [
            {
              "client_id": "480280842601-5d4f70dc0r92h5ck7hma0jk5m0dkdpeu.apps.googleusercontent.com",
              "client_type": 3
            }
          ]
        }
      }
    }
  ],
  "configuration_version": "1"
}